First_Name,Last_Name,Emails,Links
Michael,Lawson,michael.lawson@reqres.in,https://reqres.in/img/faces/7-image.jpg
Lindsay,Ferguson,lindsay.ferguson@reqres.in,https://reqres.in/img/faces/8-image.jpg
Tobias,Funke,tobias.funke@reqres.in,https://reqres.in/img/faces/9-image.jpg
Byron,Fields,byron.fields@reqres.in,https://reqres.in/img/faces/10-image.jpg
George,Edwards,george.edwards@reqres.in,https://reqres.in/img/faces/11-image.jpg
Rachel,Howell,rachel.howell@reqres.in,https://reqres.in/img/faces/12-image.jpg
